Section,Media (NA or SDA),"Media additive (none, cyc, or amp)",Inside or Outside,Exposure duration (min),Days of incubation,# Mold-looking colonies (have hyphae) ,"# Non-mold-looking colonies (e.g., no hyphae) ",Total # colonies,Group Name,Notes
A01,NA,cyc,inside,1,2,0,0,0,Micro Alliance,Placed on lab bench and all people stayed about 3ft away from plates during the one minute. 
A01,NA,cyc,inside,1,2,0,0,0,Micro Alliance,Was also left in the middle of wworking area for one minute at 10:50. No colonies were found. Probably due to low foot traffic.
A01,NA,cyc,outside,1,2,4,121,125,Micro Gang,
A01,NA,cyc,outside,1,2,0,146,146,Micro Gang,We had to freeze our for two days after initial incubation
A01,NA,cyc,inside,10,2,0,0,0,Fun-Guys,"we put our plates on the edge of a blacktop table in the Katherine Esau lab room; for one NA and SDA plate, someone hovered their sleeves over them for a brief while"
A01,NA,cyc,inside,10,2,0,9,9,Fun-Guys,"we put our plates on the edge of a blacktop table in the Katherine Esau lab room; for one NA and SDA plate, someone hovered their sleeves over them for a brief while"
A01,NA,cyc,outside,10,2,8,52,60,Agar Avengers,
A01,NA,cyc,outside,10,2,0,63,63,Agar Avengers,
A01,NA,cyc,inside,30,2,0,21,21,5,There were people passing by the door frequently 
A01,NA,cyc,inside,30,2,0,19,19,5,Plate left by door with heavy foot traffic in & out of the room. 10:50PM-11:20PM.
A01,NA,cyc,outside,30,2,5,104,109,Amoeba Sisters,"Plates left under bush in shade; surrounded by plants and gravel. Other plates in same container had ants but not our plates. slight breeze, 83 F; started at 10:51 am; a little bit away from foot traffic"
A01,NA,cyc,outside,30,2,4,78,82,Amoeba Sisters,"Plates had ants crawling in them, left under a bush in the shade, slight breeze (83 degrees F), away from main entrances or exits."
A01,SDA,ampicillin,inside,1,2,0,0,0,Micro Alliance,Plate was left indoors with minimal air passing through. Was left in the middle of working area for one minute at 10:50. 
A01,SDA,ampicillin,inside,1,2,0,0,0,Micro Alliance,"Stood about 3ft away from plates, did not walk around plates much"
A01,SDA,ampicillin,outside,1,2,0,104,104,Micro Gang,
A01,SDA,ampicillin,outside,1,2,129,23,152,Micro Gang,We had to freeze our for two days after initial incubation
A01,SDA,ampicillin,inside,10,2,0,5,5,Fun-Guys,"we put our plates on the edge of a blacktop table in the Katherine Esau lab room; for one NA and SDA plate, someone hovered their sleeves over them for a brief while"
A01,SDA,ampicillin,inside,10,2,1,0,1,Fun-Guys,"we put our plates on the edge of a blacktop table in the Katherine Esau lab room; for one NA and SDA plate, someone hovered their sleeves over them for a brief while"
A01,SDA,ampicillin,outside,10,2,38,2,40,Agar Avengers,Left outside on the floor near a flowerbed and below a handrail in 38c weather. 
A01,SDA,ampicillin,outside,10,2,46,3,49,Agar Avengers,
A01,SDA,ampicillin,inside,30,2,2,2,4,5,There were people passing by the door frequently 
A01,SDA,ampicillin,inside,30,2,2,0,2,5,Plate left by door with heavy foot traffic in & out of the room. 10:50PM-11:20PM.
A01,SDA,ampicillin,outside,30,2,92,9,101,Amoeba Sisters,"Plates left under bush in shade; surrounded by plants and gravel. Other plates in same container had ants but not our plates. slight breeze, 83 F; started at 10:51 am; a little bit away from foot traffic"
A01,SDA,ampicillin,outside,30,2,96,0,96,Amoeba Sisters,"Plates had ants crawling in them, left under a bush in the shade, slight breeze (83 degrees F), away from main entrances or exits."
A02,NA,Cycloheximide 0.0004%,inside,1,2,0,1,1,Never BacDown!,Located on bench near handwashing station by benches 1/2; near old books and unsterile glassware; temperature: 24 degree; no ventilation nearby
A02,NA,Cycloheximide 0.0004%,inside,1,2,0,2,2,Never BacDown!,Located on bench near handwashing station by benches 1/2; near old books and unsterile glassware; temperature: 24 degree; no ventilation nearby
A02,NA,Cycloheximide 0.0004%,outside,1,2,0,5,5,Pop Culture Reference,"Located outside near SciLab Loading dock, very hot day, exposed in the shadeon concrete roughly 3 feet away from vegetation, no wind during exposure"
A02,NA,Cycloheximide 0.0004%,outside,1,2,0,24,24,Pop Culture Reference,"Fingernail punctured agar: 13 colonies around puncture. 11 colonies on rest of plate. Located outside near SciLab Loading dock, very hot day, exposed in the shadeon concrete roughly 3 feet away from vegetation, no wind during exposure"
A02,NA,Cycloheximide 0.0004%,inside,10,2,0,9,9,Poptropica,Located next to handwashing station near group 2/ straight down from the door
A02,NA,Cycloheximide 0.0004%,inside,10,2,0,9,9,Poptropica,Located next to handwashing station near group 2/ straight down from the door
A02,NA,Cycloheximide 0.0004%,outside,10,2,9,88,97,Wolves,
A02,NA,Cycloheximide 0.0004%,outside,10,2,0,60,60,Wolves,Temperature outside was above 90 C; plates next to us were contaminated do to another group knocking them down
A02,NA,Cycloheximide 0.0004%,inside,30,2,3,9,12,Vortex Genies,Located on east bench by window 
A02,NA,Cycloheximide 0.0004%,inside,30,2,2,15,17,Vortex Genies,Located by window on east bench 
A02,NA,Cycloheximide 0.0004%,outside,30,2,37,125,162,MIND,Bin got knocked over so all plates were flipped/messed up. Affected exposure and increased contamination. Outside the SLB. No wind. 
A02,NA,Cycloheximide 0.0004%,outside,30,2,1,132,133,MIND,"Very Low wind conditions, placed in direct sunlight, bin was knocked over and immediately recovered. Outside SLB."
A02,SDA,AMP 50ug,inside,1,2,2,0,2,Never Bacdown!,"Was by old books, not near ventalation, not far from a sink "
A02,SDA,AMP 50ug,inside,1,2,0,0,0,Never BacDown!,Located on bench near handwashing station by benches 1/2; near old books and unsterile glassware; temperature: 24 degree; no ventilation nearby
A02,SDA,AMP 50 ug,outside,1,2,3,0,3,Pop Culture Reference,"Located outside near SciLab Loading dock, very hot day, exposed in the shadeon concrete roughly 3 feet away from vegetation, no wind during exposure"
A02,SDA,AMP 50ug,outside,1,2,1,1,2,Pop Culture Reference,"Located outside near SciLab Loading dock, very hot day, exposed in the shadeon concrete roughly 3 feet away from vegetation, no wind during exposure"
A02,SDA,AMP 50ug,inside,10,2,3,0,3,Poptropica,Located next to handwashing station near group 2/ straight down from the door
A02,SDA,AMP 50ug,inside,10,2,2,0,2,Poptropica,Located next to handwashing station near group 2/ straight down from the door
A02,SDA,AMP 50 ug,outside,10,2,45,2,47,Wolves,"Outside near Scilab, group from other clas went out to set theirs, so there were a lot of people around the plates"
A02,SDA,AMP 50ug,outside,10,2,39,7,46,Wolves,"Outside near Scilab, group from other clas went out to set theirs, so there were a lot of people around the plates"
A02,SDA,AMP 50ug,inside,30,2,2,0,2,Vortex Genies,Located on east bench by window 
A02,SDA,AMP 50ug,inside,30,2,2,1,3,Vortex Genies,Located on east bench by window 
A02,SDA,AMP 50ug,outside,30,2,138,30,168,MIND,"Another group knocked over out bin and quickly put everything back in place. Located outside in corner behind building, hopefully low wind exposure."
A02,SDA,AMP 50ug,outside,30,2,116,6,122,MIND,"Very Low wind conditions, placed in direct sunlight, bin was knocked over and immediately recovered. Outside SLB."
A03,NA,Cycloheximide 0.0004%,inside,1,2,0,1,1,MEHK,
A03,NA,Cycloheximide 0.0004%,inside,1,2,0,0,0,MEHK,
A03,NA,Cycloheximide 0.0004%,outside,1,2,0,14,14,KimWipes,"Ant on lid, not underneath lid or on plate though"
A03,NA,Cycloheximide 0.0004%,outside,1,2,1,15,16,The Kimwipes,Exposed during passing period
A03,NA,Cycloheximide 0.0004%,inside,10,2,0,3,3,,
A03,NA,Cycloheximide 0.0004%,inside,10,2,0,7,7,,
A03,NA,Cycloheximide 0.0004%,outside,10,2,0,50,50,Hyphae,An ant was near plate and we were all near the plate while waiting
A03,NA,Cycloheximide 0.0004%,outside,10,2,2,57,59,Hyphae,Group members were talking/gathered near the plates
A03,NA,Cycloheximide 0.0004%,inside,30,2,0,22,22,Microbial Misfits,
A03,NA,Cycloheximide 0.0004%,inside,30,2,0,17,17,Microbial Misfits,
A03,NA,Cycloheximide 0.0004%,outside,30,2,0,227,227,,
A03,NA,Cycloheximide 0.0004%,outside,30,2,0,202,202,,
A03,SDA,AMP 50ug,inside,1,2,1,0,1,MEHK,
A03,SDA,AMP 50ug,inside,1,2,0,1,1,MEHK,The plates were on the counter by the sink. There wasn't a lot of foot traffic because all four of us were standing around the counter as the time was running
A03,SDA,AMP 50ug,outside,1,2,3,0,3,KimWipes,
A03,SDA,AMP 50ug,outside,1,2,2,0,2,KimWipes,
A03,SDA,AMP 50ug,inside,10,2,1,0,1,Kick,
A03,SDA,AMP 50ug,inside,10,2,0,0,0,KIck,Data for Kevin (was absent)
A03,SDA,AMP 50ug,outside,10,2,53,2,58,Hyphae,
A03,SDA,AMP 50ug,outside,10,2,48,3,51,Hyphae,
A03,SDA,AMP 50ug,inside,30,2,4,0,4,Microbial Misfits,plates were exposed at the back corner where microwave is. 
A03,SDA,AMP 50ug,inside,30,2,3,1,4,Microbial Misfits,"Dropped the lid when taking it off at the start of the timing, might've been why there was 1 non-mold-like colony"
A03,SDA,AMP 50ug,outside,30,2,111,6,117,,
A03,SDA,AMP 50ug,outside,30,2,230,16,246,Micro Bros,Ant walked over the plate during the last 4 minutes before pick up unknown if anymore walked over it before
A04,NA,cyc,inside,1,2,0,1,1,BacUp,someone opened the door during our exposure. Wind blew directly at the plates.
A04,NA,cyc,inside,1,2,0,1,1,BacUp,"placed on the nearest corner of the 1st table by the door of room 2098 in the Katherine Esau Building, opening of the door brought in noticable wind/draft"
A04,NA,cyc,outside,1,2,0,91,91,Group # Two,"Place on the soil, center island in the middle of the road, three cactus beside, one dead, one dying and one alive. "
A04,NA,cyc,outside,1,2,0,110,110,Group # Two,"Place on the soil, three cactus beside, one dead, one dying and one alive. "
A04,NA,cyc,inside,10,2,0,1,1,SALTY,"Inside 2098 Esau Lab Building, next to the window on the counter, back right center vent (KC)"
A04,NA,cyc,inside,10,2,0,5,5,SALTY,"Inside 2098 Esau Lab Building, next to the window on the counter, back right center vent (RN)"
A04,NA,cyc,outside,10,2,12,81,93,Group 4,placed on the ground under a branch that was swaying due to light breeze
A04,NA,cyc,outside,10,2,6,81,87,Group 4,placed on the ground under a branch that was swaying due to light breeze
A04,NA,cyc,inside,30,2,0,3,3,KAMM,towards the back of the class on the counter-top underneath the shelves where books are stored
A04,NA,cyc,inside,30,2,0,11,11,KAMM,towards the back of the class on the counter-top underneath the shelves where books are stored
A04,NA,cyc,outside,30,2,35,116,151,Magic 4,On a cinderblock above ground cover
A04,NA,cyc,outside,30,2,8,134,142,Magic 4,On a cinderblock above ground cover
A04,NA,cyc,outside,30,2,1,116,117,Magic 4,outside in foilage
A04,NA,cyc,outside,30,2,22,86,107,Magic 4,Dandelion fluff on this plate; outside in foilage
A04,SDA,amp,inside,1,2,0,0,0,BacUp,
A04,SDA,amp,inside,1,2,0,0,0,BacUp,Placed on the corner next to the door on table 1. There was a lot of foot traffic at the time of our data collection.
A04,SDA,amp,outside,1,2,3,2,5,Group # Two,"Place on the soil, three cactus beside, one dead, one dying and one alive. "
A04,SDA,amp,outside,1,2,3,2,5,Group # Two,"Place on the soil, three cactus beside, one dead, one dying and one alive. "
A04,SDA,amp,inside,10,2,0,0,0,SALTY,"Inside 2098 Esau Lab Building, next to the window on the counter, back right center vent (CA)"
A04,SDA,amp,inside,10,2,0,0,0,SALTY,"Inside 2098 Esau Lab Building, next to the window on the counter, back right center vent (KL)"
A04,SDA,amp,outside,10,2,55,1,56,Group 4,on the floor/cement under a plant leaf
A04,SDA,amp,outside,10,2,96,3,99,Group 4,on the floor/cement under a plant leaf
A04,SDA,amp,inside,30,2,0,0,0,KAMM,towards the back of the class on the counter-top underneath the shelves where books are stored
A04,SDA,amp,inside,30,2,0,0,0,KAMM,towards the back of the class on the counter-top underneath the shelves where books are stored
A04,SDA,amp,outside,30,2,70,3,73,Magic 4,"On a cinderblock above ground cover, ant on plate, no marks where ant walked"
A04,SDA,amp,outside,30,2,36,11,47,Magic 4,On a cinderblock above ground cover
A04,SDA,amp,outside,30,2,12,34,46,Magic 4,outside in foilage
A04,SDA,amp,outside,30,2,21,16,37,Magic 4,outside in foilage